city,lon,lat
Los Angeles CA,-118.244476,34.054935
Phoenix AZ,-112.0773456,33.4485866
Houston TX,-95.3676974,29.7589382
Chicago IL,-87.6244212,41.8755546
Las Vegas NV,-115.149225,36.1662859
San Antonio TX,-98.4951405,29.4246002
Columbus OH,-83.0007065,39.9622601
Albuquerque NM,-106.6509851,35.0841034
Austin TX,-97.7436995,30.2711286
Denver CO,-104.9653271,39.7348381
Miami FL,-80.1936589,25.7742658
Tucson AZ,-110.9262353,32.2218917
St. Louis MO,-90.1978889,38.6272733
Oklahoma City OK,-97.5170536,35.4729886
Kansas City MO,-94.5630298,39.0844687
Tulsa OK,-95.9929113,36.1556805
San Francisco CA,-122.4138641,37.7791185
Bakersfield CA,-119.0194639,35.3738712
Indianapolis IN,-86.1583502,39.7683331
Jacksonville FL,-81.655651,30.3321838
Long Beach CA,-118.1580493,33.78538945
Orlando FL,-81.41278419,28.5479786
Charlotte NC,-80.8431268,35.2270869
Mesa AZ,-114.0824451,34.2700153
San Jose CA,-121.9031599,37.3297085
Atlanta GA,-84.3901849,33.7490987
San Diego CA,-117.1627714,32.7174209
Louisville KY,-85.759407,38.2542376
New York NY,-73.9866136,40.7306458
Washington DC,-77.0366456,38.8949549
Dallas TX,-96.7968559,32.7762719
Fresno CA,-119.7088613,36.7295295
Philadelphia PA,-75.1635755,39.9524152
Baltimore MD,-76.610759,39.2908816
Reno NV,-119.8136744,39.52927
Santa Ana CA,-117.8732213,33.7494951
Fort Worth TX,-97.3327459,32.753177
Oakland CA,-122.2713563,37.8044557
Aurora CO,-98.5722461,43.6963371
San Bernardino CA,-117.2897652,34.1083449
Baton Rouge LA,-91.154551,30.4507462
Sacramento CA,-121.4943996,38.5815719
Colorado Springs CO,-104.8253485,38.8339578
Seattle WA,-122.3300624,47.6038321
Milwaukee WI,-87.922497,43.0349931
Omaha NE,-95.9378732,41.2587317
Portland OR,-122.6741949,45.5202471
Pueblo CO,-104.5350145,38.187635
Glendale AZ,-112.4046831,33.558997
Stockton CA,-121.2907796,37.9577016
Billings MT,-108.49607,45.7874957
El Paso TX,-106.5013494,31.8111305
Huntsville AL,-86.804219,33.554113
New Orleans LA,-89.97500545,30.03280175
Tacoma WA,-122.4398746,47.2495798
Boise ID,-116.200835,43.61656
Las Cruces NM,-107.2275523,33.1680687
Norfolk VA,-76.2929252,36.8462923
Tampa FL,-82.4563972,27.9518491
Memphis TN,-90.0516285,35.1490215
St. Paul MN,-93.1015026,44.9504037
Kingman AZ,-114.0530065,35.189443
Arlington TX,-97.10571494,32.701939
Scottsdale AZ,-111.8992365,33.5091215
Springfield MO,-93.2920373,37.2166779
Wichita KS,-97.3375448,37.6922361
Spokane WA,-117.4212265,47.6579425
Tempe AZ,-111.9094474,33.4144139
Cleveland OH,-81.6934446,41.5051613
Westminster CO,-105.0372046,39.8366528
Anchorage AK,-149.8948523,61.2163129
Salt Lake City UT,-111.8904308,40.7670126
Fairbanks AK,-147.716675,64.837845
Hemet CA,-116.9719684,33.7475203
Akron OH,-81.518485,41.083064
Flagstaff AZ,-111.6514259,35.199458
Nashville TN,-86.7743531,36.1622296
Brooklyn NY,-73.9495823,40.6501038
Newark NJ,-74.1723667,40.735657
Fontana CA,-121.9038131,37.3406609
Richmond VA,-77.43428,37.5385087
Birmingham AL,-86.765783,33.570499
Irving TX,-96.9442177,32.8295183
Anaheim CA,-117.911732,33.8347516
Detroit MI,-83.0567375,42.3486635
Little Rock AR,-116.6808162,43.9274092
Modesto CA,-120.9968782,37.6390972
Amarillo TX,-101.8338246,35.2072185
South Gate CA,-118.200981,33.9463456
Cincinnati OH,-84.5124602,39.1014537
Boston MA,-71.0595678,42.3604823
Lakeland FL,-81.9539369,28.0470698
Evansville IN,-87.5558483,37.9747645
Antioch CA,-121.805789,38.0049214
Lynn MA,-70.9494939,42.466763
Shreveport LA,-93.7651944,32.5221828
Pittsburgh PA,-79.9900861,40.4416941
Harrisburg PA,-76.8861122,40.2663107
Sunnyvale CA,-122.0363496,37.3688301
Minneapolis MN,-93.2654692,44.9772995
Gulfport MS,-89.0928155,30.3674198
Van Nuys CA,-118.448729,34.1866581
Ontario CA,-117.6484304,34.065846
Fort Collins CO,-105.0668085,40.5508527
Corpus Christi TX,-97.3955744,27.8002542
Hilo HI,-155.081635,19.707243
Casper WY,-119.07295,35.349404
North Charleston SC,-79.9748103,32.8546197
Fort Wayne IN,-85.1386015,41.0799898
Jurupa Valley CA,-117.4515754,33.9798472
Eau Claire WI,-91.4984941,44.811349
Chattanooga TN,-85.3096801,35.0456297
Greeley CO,-101.8185007,38.4570355
Chico CA,-121.8374777,39.7284945
Northglenn CO,-104.9875529,39.9100858
Eugene OR,-123.0950506,44.0505054
Wilmington DE,-75.546589,39.7459468
Durham NC,-78.9018115,35.9966551
Rapid City SD,-103.228006,44.081176
Laredo TX,-99.5088979,27.5060991
Barstow CA,-117.0172077,34.8957684
Fremont CA,-121.9885719,37.5482697
Bronx NY,-73.84040356,40.85048545
Grand Junction CO,-108.5507317,39.063956
Jackson MS,-82.64282417,39.0462506
Weatherford TX,-97.7970748,32.7589648
Boulder CO,-105.3632079,40.102555
Deltona FL,-81.2636738,28.9005446
Vancouver WA,-122.6744557,45.6306954
Yakima WA,-120.5108421,46.601557
Phenix City AL,-85.0007653,32.4709761
Homewood AL,-86.8008228,33.4717732
Waco TX,-97.1466695,31.549333
Myrtle Beach SC,-78.8900409,33.6956461
Montgomery AL,-78.272415,40.854565
Camden NJ,-75.1198911,39.9448402
Bradenton FL,-82.5633751,27.4724175
Whittier CA,-118.0336975,33.9748932
Elkton MD,-75.8332718,39.6067789
Loveland CO,-105.0749801,40.3977612
Paterson NJ,-74.171811,40.9167654
Atwater CA,-120.609084,37.3477174
Temecula CA,-117.1473661,33.4946353
East Point GA,-84.4393724,33.6795531
Greenville SC,-82.3984882,34.851354
Valdosta GA,-83.2784851,30.8327022
Columbus GA,-84.9877094,32.4609764
Centennial CO,-104.9778308,39.5680644
Garland TX,-96.6388833,32.912624
Ruidoso NM,-105.6730991,33.3315804
West Jordan UT,-111.9391031,40.6096698
Gilbert AZ,-111.7890239,33.3528259
Fort Pierce FL,-80.3256056,27.4467056
Mission TX,-98.3252932,26.2159066
Clarksville TN,-87.3588703,36.5277607
Compton CA,-118.226624,33.894927
Eagar AZ,-109.291475,34.1111581
Avondale AZ,-112.3405021,33.4359175
Muncie IN,-85.3865114,40.1936683
Terre Haute IN,-87.4139119,39.4667025
Houma LA,-90.7195348,29.5957696
St. Augustine FL,-81.3145395,29.8946952
Lincoln NE,-96.667821,40.8
Citrus Heights CA,-121.2810611,38.7071247
Midland TX,-102.0779482,31.9973662
Beaverton OR,-122.8037804,45.4871723
Marietta GA,-84.5496148,33.9528472
Kent WA,-122.2270272,47.3826903
Knoxville TN,-83.9210261,35.9603948
North Las Vegas NV,-115.1120958,36.2008371
Portsmouth VA,-76.2982742,36.8354258
Brooksville FL,-82.3878709,28.5552719
Santa Maria CA,-120.4358577,34.9531295
Redding CA,-122.3916754,40.5863563
Longview TX,-94.7404891,32.5007038
Sugar Creek MO,-90.4235119,38.580438
Gastonia NC,-81.1873005,35.262082
Columbia MO,-92.3337366,38.951883
Roswell NM,-104.5229518,33.3943282
Hobbs NM,-103.1360403,32.7026116
Mobile AL,-84.853229,39.092585
Kirkland WA,-122.1920249,47.6859573
Topeka KS,-95.677556,39.049011
Farmington NM,-108.2089191,36.7304288
Columbus MS,-89.01965323,43.33687565
St. Petersburg FL,-82.6469934,27.77330515
Rossville GA,-85.2861011,34.9831584
Odessa TX,-102.367687,31.8457149
Indio CA,-116.2188054,33.7192808
Santa Fe NM,-105.9377997,35.6869996
Torrance CA,-118.3406288,33.8358492
Palmdale CA,-118.1171108,34.5793131
Vallejo CA,-122.2566367,38.1040864
Sparks NV,-119.7527683,39.5348431
Azusa CA,-117.9056046,34.1338751
Hallandale Beach FL,-80.13999671,25.9856006
Brownsville TX,-97.4890856,25.9140256
Dayton OH,-84.1916069,39.7589478
Elizabethtown KY,-85.8591285,37.693952
Yuma AZ,-114.624397,32.7253249
Medford OR,-122.8718605,42.3264181
Morgantown WV,-79.9559437,39.6296809
Napa CA,-122.2855293,38.2971367
Des Moines IA,-93.6037149,41.5910641
Kansas City KS,-94.5630298,39.0844687
Homestead FL,-80.4759905,25.4718946
Charleston WV,-81.6332812,38.3505995
Conroe TX,-95.4560512,30.3118769
Chickasha OK,-97.9364326,35.052565
Chester PA,-75.3557458,39.849557
Bend OR,-121.3153096,44.0581728
Honolulu HI,-157.8466442,21.3250785
Palm Bay FL,-80.6429695,28.0331886
Visalia CA,-119.2920585,36.3302284
Cathedral City CA,-116.4640765,33.7810031
El Cajon CA,-116.9625269,32.7947731
Ellis County TX,-96.7920233,32.3347829
Hayward CA,-122.0807964,37.6688205
Huntersville NC,-80.8429094,35.410845
Kettering OH,-84.1688274,39.6895036
Kent OH,-81.357886,41.1536674
Guthrie OK,-97.4252772,35.8789231
Hamilton OH,-84.5613428,39.3995067
Point Loma CA,-117.2402914,32.7279696
Boone IA,-93.8802273,42.0597047
Carson City NV,-119.7743609,39.18844485
Miami Gardens FL,-80.23975281,25.94207545
Inglewood CA,-118.3550377,33.96185
Beaumont CA,-116.977248,33.9294606
Yuba City CA,-121.6169108,39.1404477
Austell GA,-84.6343783,33.8126059
Largo FL,-82.7873244,27.9094665
Lake Wales FL,-81.5859099,27.9014133
Ocala FL,-82.1352047,29.1924213
Olathe KS,-94.81887,38.8838856
Kentwood MI,-85.6447492,42.8694731
Desert Hot Springs CA,-116.5016784,33.961124
Mountain Home ID,-115.6911975,43.1329504
Belton MO,-94.5313368,38.8108243
Bexar County TX,-98.5104781,29.4263987
Pearland TX,-95.2864299,29.5639758
Lake Elsinore CA,-117.3272615,33.6680772
Douglas WY,-117.5966053,33.8499139
Madison WI,-89.3837613,43.074761
Arlington VA,-77.0841585,38.8903961
Parma OH,-81.7355692,41.3822398
Hattiesburg MS,-89.2903392,31.3271189
Riverview FL,-82.3269883,27.871197
Parker CO,-97.7935767,32.7599475
Carrollton GA,-85.0766113,33.5801103
Queens NY,-73.79142142,40.6524927
Colorado City CO,-104.8516725,37.9416405
Apache Junction AZ,-111.5495439,33.4150484
Sand City CA,-121.8482855,36.6171819
Allentown PA,-75.4712794,40.6022059
Gary IN,-82.107662,31.470271
Burlington VT,-73.2114941,44.4723989
Tulare CA,-118.852583,36.2516475
Salem OR,-123.033121,44.9391565
Fayetteville AR,-81.1003578,38.0938768
Kokomo IN,-86.1336351,40.4864444
Los Lunas NM,-106.7372551,34.7994296
Burien WA,-122.3485274,47.469918
Winn Parish LA,-92.6401816,31.947293
Rockford IL,-89.093966,42.2713945
Temple TX,-97.3427847,31.098207
Pulaski VA,-80.7797935,37.0478983
Olivehurst CA,-121.5521858,39.0954484
Metropolis IL,-88.7319979,37.1511655
Gainesville FL,-82.3233746,29.67357765
Idaho Falls ID,-112.0400919,43.4935245
New Castle IN,-85.3702477,39.9289351
Metairie LA,-90.17671492,30.001852
Greece NY,-77.6930602,43.2097838
Orange CA,-117.8704931,33.7500378
London KY,-84.0832646,37.1289771
Taylors SC,-82.2962269,34.9203946
Federal Way WA,-122.3393103,47.313494
Henderson NV,-114.9819235,36.0391456
Stockbridge GA,-84.2338093,33.5442781
Schertz TX,-98.2695702,29.5641617
Abilene TX,-99.7333011,32.4466741
Thornton CO,-104.984719,39.8689991
San Fernando CA,-118.4389719,34.2819461
Manchester NJ,-76.7211368,40.0588102
Shelbyville IN,-85.7769238,39.5214373
Trinidad CO,-104.5005411,37.169397
Evans CO,-81.8980725,32.1613648
Fair Oaks CA,-123.3413984,39.3784978
Chesapeake VA,-76.2466798,36.7183708
Lodi CA,-121.3878496,38.097198
Cape Coral FL,-81.9806771,26.6059432
Marana AZ,-111.2157091,32.4446988
Beaumont TX,-94.1018461,30.0860459
Plano TX,-96.6925096,33.0136764
Madison Township OH,-82.88318985,39.7693805
Round Rock TX,-97.6788934,30.508235
Sallisaw OK,-94.7874463,35.4603711
Lakewood CO,-105.1100582,39.6311085
Hollywood Hills CA,-118.3355474,34.1311792
Kennewick WA,-119.1204003,46.2089739
Pomona CA,-117.7517496,34.0553813
Cocoa FL,-80.7419984,28.3861159
Sylmar CA,-118.4492148,34.3076252
Lancaster PA,-76.3056686,40.03813
Wauwatosa WI,-88.0079271,43.0494122
Gresham OR,-122.4367058,45.5067406
Pleasanton CA,-121.8746789,37.6624312
Vassalboro ME,-69.6778992,44.4595251
Santa Clara CA,-121.9551744,37.3541132
Royal Oak MI,-83.1446485,42.4894801
Lompoc CA,-120.4579409,34.6391501
Lenoir City TN,-84.2560299,35.7972998
Casa Grande AZ,-111.7575614,32.8793816
New Iberia LA,-91.79280466,30.000524
Landover MD,-76.8966397,38.9340002
Randallstown MD,-76.79595964,39.36909865
Tupelo MS,-88.7033859,34.2576067
Ogden UT,-111.9738429,41.2230048
Toledo OH,-83.5127283,41.6786754
Roanoke VA,-79.96020968,37.274532
Kelso WA,-122.9060318,46.1420334
Crandon WI,-88.902892,45.571907
El Monte CA,-122.0688744,36.969454
Cedar Rapids IA,-91.6704053,41.9758872
Artesia NM,-104.4032963,32.8423345
Chandler AZ,-111.8408489,33.3067132
Gardena CA,-118.307648,33.888658
Danville VA,-79.3950228,36.5859718
Aloha OR,-122.8670451,45.4942838
Euless TX,-97.06673629,32.8465405
Clanton AL,-86.6294262,32.8387371
Elk Grove CA,-121.3716178,38.4087993
Salisbury NC,24.776729,-28.7464779
Hackensack NJ,-74.0434736,40.8859326
Allen TX,-96.6705503,33.1031744
Hickory NC,-79.512697,36.105813
Atlantic City NJ,-74.4229351,39.3642852
Dunsmuir CA,-122.271953,41.208209
Quartzsite AZ,-114.2299486,33.6639137
Hillsboro OR,-122.989827,45.5228939
Presque Isle ME,-68.016357,46.681479
Alton IL,-90.1842764,38.8906038
Blue Springs MO,-94.282265,39.017316
Piedmont AL,-81.427055,27.382951
Riverside CA,-117.3961623,33.9533546
Newark CA,-122.0402399,37.5296593
Piedmont SC,-122.6694049,45.5745523
Newport News VA,-76.4321089,36.9786449
Prescott AZ,-112.469518,34.5402813
Douglasville GA,-84.7477136,33.7514966
Wake Forest NC,-78.5103731,35.9803138
Oak Cliff TX,-96.8111126,32.7392973
Chula Vista CA,-117.0841955,32.6400541
Fullerton CA,-117.9294165,33.8708215
Irmo SC,-81.18249,34.085736
Hardeeville SC,-81.0726108,32.2802665
Fort Walton Beach FL,-86.6026028,30.4085568
Lakewood WA,-122.518458,47.1717649
Great Falls MT,-111.2918908,47.5048851
Trenton NJ,-74.7429463,40.2170575
Sylacauga AL,-86.26673775,33.2146565
Tahlequah OK,-94.969956,35.91537
Syracuse NY,-76.1474244,43.0481221
Virginia Beach VA,-75.9774183,36.8529841
West Memphis AR,-90.1845388,35.1464797
Pompano Beach FL,-80.1247667,26.2378597
Princeton WV,-81.1025775,37.366328
St Louis MO,-90.1978889,38.6272733
Colton CA,-117.3136547,34.0739016
Rancho Cordova CA,-121.302728,38.5890723
Fayetteville NC,-78.878292,35.0525759
Rialto CA,-117.3703235,34.1064001
DeLand FL,-81.3031098,29.0283213
Florence CA,-118.2659106,33.9752173
Surprise AZ,-112.3680189,33.6292271
Hays KS,-99.3267702,38.8791783
Owensboro KY,-87.1133304,37.7742152
Emeryville CA,-122.2865266,37.8314089
Water Valley MS,-93.2848632,44.74705085
Spring TX,-99.5940139,29.8308639
Spanish Fork UT,-111.654923,40.114955
Alamo TN,-89.1172883,35.7847949
Burbank CA,-118.3258554,34.1816482
Elkhart IN,-85.9766671,41.6819935
Benton AR,-93.9990391,45.7197768
Lake Jackson TX,-95.4343859,29.0338575
York PA,-76.727392,39.962398
Harvey LA,-78.2777882,39.7031463
Alexandria LA,-95.377883,45.8846686
Franklin NC,-78.2787229,36.1028596
Denton TX,-97.1413417,33.1838787
Cheyenne WY,-118.8433527,34.1712252
Morristown TN,-83.2948923,36.2139814
Iuka MS,-88.1900415,34.8117565
South El Monte CA,-118.0467339,34.0519548
Greensboro NC,-79.7919754,36.0726355
Hutchinson KS,-97.9297743,38.0608444
Stone Mountain GA,-84.1457505,33.8062166
Cumming GA,-84.1401926,34.2073196
Greenville NC,-77.3663538,35.612661
Raleigh NC,-78.6390989,35.7803977
Appleton WI,-88.4067604,44.2611337
Johnson City TN,-82.3534728,36.3134398
Baytown TX,-94.9774274,29.7355047
Lealman FL,-82.6792661,27.8211366
Sandpoint ID,-116.5532476,48.2765903
Troy NY,-74.0055355,40.7402557
Wyoming MI,-85.7057035,42.9132581
Lake Stevens WA,-122.0660914,48.0197794
Stillwater OK,-97.0585717,36.1156306
Flatwoods KY,-82.7171081,38.5225805
Sun City AZ,-112.2819337,33.6290111
Holland Township MI,-75.12384149,40.59804705
Spartanburg SC,-81.9320157,34.9498007
Wasilla AK,-149.4380985,61.5828234
Aiken SC,-67.523013,-46.4467494
Dearborn MI,-83.1763145,42.3222599
Redlands CA,-117.1888961,34.055735
Peoria IL,-89.5891008,40.6938609
Lancaster CA,-118.1366153,34.6981064
East Baton Rouge LA,-91.0899217,30.5254797
Tallahassee FL,-84.2809332,30.4380832
Carmichael CA,-121.3222422,38.62709845
Ripon CA,-121.1243828,37.741595
Reading PA,-75.9279495,40.335345
Oceanside CA,-117.3794834,33.1958696
Cerritos CA,-118.0539323,33.8644291
Fort Lauderdale FL,-80.1433786,26.1223084
Burnsville MN,-93.2777226,44.7677424
Pike County OH,-83.0611404,39.1056387
Ceres CA,-120.9577098,37.5949316
Chino CA,-117.690075,34.0133561
Millville NJ,-75.0393368,39.4020593
Azle TX,-97.55196971,32.910378
Southaven MS,-90.0125913,34.9889818
Newton KS,-97.3447244,38.0469166
Auburn WA,-122.2301808,47.3075369
Des Moines WA,-93.6037149,41.5910641
Geneva WI,-88.4334301,42.5916836
Cottonwood AZ,-111.8240503,33.4979986
Kerrville TX,-99.1403189,30.0474332
Delano CA,-119.2470536,35.7688425
Biloxi MS,-88.8853645,30.3960318
Lemoore CA,-119.7827122,36.3006495
Moreno Valley CA,-117.2305944,33.937517
St. Joseph MO,-94.8466322,39.7686055
Cartersville GA,-84.7999383,34.1650972
Huntington Beach CA,-118.0000166,33.6783336
Madera CA,-120.0594685,36.9622745
Church Hill TN,-83.897681,35.873417
Zion IL,-87.8328505,42.4461322
Belleville IL,-89.9839935,38.5200504
Yonkers NY,-73.8987469,40.9312099
Hohenwald TN,-87.5519629,35.5478514
Vista CA,-117.2425355,33.2000368
Port St. Lucie FL,-80.3503283,27.2939333
Silver Spring MD,-77.0288918,38.9959081
North Bergen NJ,-74.012084,40.8042674
Gifford FL,-80.4092181,27.6753089
Leon County TX,-95.9953382,31.2715127
Valdez CO,-104.7019346,37.1222427
North Royalton OH,-81.7245739,41.3136644
North Port FL,-82.2359254,27.044224
Spring Hill TN,-86.9300023,35.751179
Sierra Vista AZ,-110.3036929,31.5545401
Frederica DE,-75.4657542,39.0090017
Niceville FL,-86.49145302,30.522651
Bainbridge Island WA,-122.5204513,47.6262626
Amite LA,-90.8217568,31.1729865
Winter Haven FL,-81.7328568,28.0222435
Griffin GA,-81.5703882,40.9799534
Circleville OH,-82.9460133,39.600618
Aragonite UT,-113.0015695,40.7425261
Yreka CA,-122.637766,41.732616
Upper Darby PA,-75.2737955,39.9284459
Oregon City OR,-122.6067583,45.3573429
Alamogordo NM,-105.9603398,32.8997997
Summerville SC,-80.1747537,33.0206179
Bon Aqua TN,-87.3269558,35.953397
Jonesborough TN,-82.4734089,36.2944928
Homer LA,-151.5401477,59.6440876
Inyokern CA,-117.8125674,35.6468991
Seaside OR,-123.920213,45.993246
Lancaster TX,-76.2411283,40.08067
Bloomsburg PA,-76.0132703,40.4295374
McMinnville TN,-85.7699816,35.683404
Princeton KY,-87.8819595,37.1092162
Livingston TN,-85.3230221,36.3833961
Claymont DE,-75.4596404,39.8006685
Wasco CA,-119.3409457,35.5941238
Watts OK,-94.5702202,36.1092487
South Elgin IL,-88.2922996,41.9941938
Monroe GA,-83.9044159,33.0142344
Staten Island NY,-74.1496048,40.5834557
Valley View CA,-76.7006099,39.9485649
Cle Elum WA,-120.9400632,47.1952417
Fairview OH,-81.2328872,40.0570139
Buffalo NY,-78.8783922,42.8867166
Spencer WV,-86.7625058,39.2867117
Medina OH,-81.8637474,41.1383878
Thonotosassa FL,-82.3023128,28.0614065
Hendersonville NC,-82.4609528,35.3187279
Peachtree City GA,-84.5957629,33.3967829
Arab AL,-86.4958219,34.3181497
La Porte TX,-95.0193729,29.6657838
Shelby NC,-81.5356463,35.2923513
Cisco TX,-98.9792336,32.3881861
Sandy UT,-111.8334496,40.572851
Montclair CA,-117.6897776,34.0775104
Bolton VT,-72.8806764,44.3728323
Union Township MI,-76.24233584,40.84446975
Provo UT,-111.6585337,40.2338438
Columbia MD,-76.8582049,39.2156213
League City TX,-95.0949303,29.5074538
Hendersonville TN,-86.6199957,36.3047735
Rowland NC,-79.2914306,34.5365518
Wales ME,-70.0406075,44.1575733
Westlake OH,-81.9179174,41.4553232
Wood County TX,-95.3812941,32.7577475
Pharr TX,-98.1836216,26.1947962
Sharpsburg KY,-83.9293681,38.2020214
Braxton County WV,-80.7012614,38.699643
Monticello GA,27.9591163,-26.0500157
Abingdon MD,-76.2791236,39.4623305
Cosby TN,-83.2087084,35.7581707
Strong AR,-92.334864,33.1076282
Federal Heights CO,-105.015631,39.8591279
Roslindale MA,-71.1244966,42.2912093
Whitewright TX,-96.3924833,33.5128856
Edinburg TX,-98.1624501,26.3013982
Bedford TX,-97.1430671,32.844017
Canandaigua NY,-77.278399,42.8844625
Camp Wood TX,-100.0122911,29.6693924
Yellville AR,-92.6848876,36.2261815
Orange County FL,-81.3111658,28.495156
Gardner KS,-94.9272958,38.8109254
Immokalee FL,-81.4172993,26.4186898
Lexington VA,-79.4428157,37.7840208
Santee CA,-116.9739167,32.8383828
Cottonwood CA,-121.9710801,38.6582375
Kingsland GA,-81.6898261,30.7999563
Lima OH,-84.1052256,40.742551
Tremont NY,-73.9056919,40.8495446
Meridian ID,-116.392326,43.6086295
Dover Township PA,-76.86795815,40.019127
Islip NY,-73.2108618,40.7304311
Hackett AR,-94.6985286,48.7732752
Everett MA,-71.0536625,42.40843
Chowchilla CA,-120.2864256,37.1122005
Grafton WV,-80.0189659,39.3409249
Grass Valley CA,-121.0531231,39.2086655
Cohasset MN,-93.620215,47.263556
Wapato WA,-120.4203382,46.4476278
Ruth MS,-90.316482,31.3815627
Edmund SC,-81.1997259,33.8614622
Mead Township PA,-78.94502428,41.86578495
Roy UT,-112.0261903,41.1617999
Charleston TN,-89.5089638,35.4959148
Brookville IN,-85.0127376,39.4231065
Surfside Beach SC,-78.9730887,33.6060031
Jesup GA,-81.8853924,31.6074365
Ragley LA,-93.2323813,30.512699
Lake Hallie WI,-91.4327558,44.8827276
Abbeville AL,-85.2504893,31.5718352
Jupiter FL,-80.12208912,26.9266939
Turlock CA,-120.8465941,37.4946568
Oshkosh WI,-88.5408574,44.0206919
Lovington NM,-103.3485543,32.9440077
Decatur GA,-84.296069,33.7737582
Colton OR,-122.4378631,45.1720669
Groveton TX,-95.1257691,31.0549071
Pell City AL,-86.2860888,33.5862149
Oak Park MI,-83.1827051,42.4594803
Mesquite TX,-96.599472,32.7666103
Lumpkin GA,-83.9926806,34.5546076
Polk County OR,-123.4599594,44.879673
East Flat Rock NC,-82.4220631,35.2801166
Buford GA,-84.0043513,34.1206564
Chatham County GA,-81.0626008,31.9668887
Howland Township OH,-80.805816,41.219677
Bloomington MN,-88.9941403,40.4731073
Lee's Summit MO,-94.3821295,38.9107156
Weeki Wachi FL,-82.5735662,28.5156479
Nitro WV,-81.8440197,38.4148146
Dumas TX,-101.9732353,35.8655949
Pinion Hills CA,-117.6467225,34.433331
Fort Ashby WV,-78.7680749,39.503279
Naples FL,-81.7948103,26.1420358
Parmelee SD,-101.0265364,43.3230585
Beaver Dam WI,-88.837329,43.4577692
Mt. Pleasant TN,-87.851473,42.7292465
Romance AR,-91.1588983,43.5384744
Forks Township PA,-76.4850174,39.835902
Sylvester GA,-83.8354542,31.5307349
South Lake Tahoe CA,-119.9843482,38.9332411
Douglas City CA,-122.9447474,40.6520897
Grants Pass OR,-123.3272489,42.4393707
Rush Springs OK,-97.9569845,34.7825721
Sanford NC,-79.1802994,35.4798757
Superior MT,-114.8917978,47.1915937
Barrow AK,-156.4821312,71.3864521
Saraland AL,-88.0705556,30.820742
St. Cloud MN,-94.1642004,45.5616075
Lufkin TX,-94.7288558,31.3386242
Oakdale CT,-97.7716924,30.303365
Rock Island IL,-90.5787477,41.5094771
Rosser TX,-96.4533193,32.4626397
Hesperia CA,-117.3008784,34.4263886
Centerville UT,-111.8721601,40.9180005
Molena GA,-84.5002013,33.0120724
Crescent City FL,-81.5106288,29.4302514
Tualatin OR,-122.7663518,45.3838546
Lyons IL,-87.8232695,41.811108
Maeystown IL,-90.233447,38.224775
Cloverdale CA,-122.9930082,38.776218
Draper UT,-111.8638226,40.5246711
North English IA,-92.0762891,41.5138978
Richmond KY,-84.2946539,37.7478572
Pine Top KY,-82.8823826,37.2726002
Urbandale IA,-93.7380624,41.6274552
Bell CA,-118.1870156,33.9775142
Mena AR,-69.0670213,45.4017493
Bay Minette AL,-87.7730474,30.8829628
Eldorado Springs CO,-105.2495595,39.939326
Opelika AL,-85.39249305,32.72667
Concord VA,-76.6185654,37.3634771
Jerseyville IL,-90.3284479,39.1200471
Pahrump NV,-115.9839128,36.2083012
Middletown DE,-75.7163207,39.449556
Goose Creek SC,-80.0387292,32.9961038
Calimesa CA,-117.0619774,34.0039044
Henderson NC,-78.3991638,36.3295905
Alhambra CA,-118.12706,34.093042
Lawrence IN,-86.0252612,39.8386516
Hessel MI,-84.425869,46.0041827
Clute TX,-95.3988291,29.0246906
Commerce City CO,-104.9220458,39.8389525
Cranbury Township NJ,-74.52712727,40.30733165
Paris TX,-95.555513,33.6617962
Schulter OK,-95.9566635,35.5145495
Monroe NC,-80.5495112,34.9854275
Elmira NY,-76.8077338,42.0897965
Olympic Valley CA,-120.2284917,39.1995817
Aldie VA,-77.6428403,38.9758064
Bull Shoals AR,-92.5815527,36.383956
Portage IN,-87.1761455,41.5758708
Somerville TN,-89.3500714,35.2436969
Milton FL,-87.0396881,30.6324149
Byng OK,-96.6655688,34.8611959
Deer Park AL,-88.317234,31.2168416
Coal County OK,-96.2944665,34.5661009
Farmington AR,-108.2133794,36.7418997
Fort Sumner NM,-104.2455092,34.4716695
Yulee FL,-81.59022781,30.627848
Hammett ID,-115.4661859,42.9457307
Braintree MA,-70.999492,42.2223218
Needles CA,-114.6790229,34.9098414
Grapeview WA,-122.8243819,47.3280934
Boonville IN,-123.3661111,39.0091667
North Branch MN,-92.9802176,45.5113515
Jackson GA,-83.5753386,34.1282559
Klamath Falls OR,-121.7816704,42.224867
Brookshire TX,-95.9510661,29.7860643
Buckhannon WV,-80.2322698,38.9939426
Antioch TN,-88.0956396,42.4772418
Gretna LA,-79.3602341,36.9528412
Tom OK,-94.5729863,33.7359468
San Ysidro CA,-117.0430813,32.5520013
Constantia NY,-76.000197,43.247847
Jourdanton TX,-98.5464069,28.9180294
Pico Rivera CA,-118.096735,33.9830688
Acworth GA,-84.6768796,34.0659329
Carrizozo NM,-105.8777246,33.6432488
Lorena TX,-97.2155596,31.3865592
Batesville AR,-91.651199,35.777687
Lexington NC,-80.2533838,35.8240265
Hurst IL,-89.1428573,37.8331059
Bartlesville OK,-95.9782966,36.7494864
Glade Spring VA,-81.7712324,36.791225
Midwest City OK,-97.3967025,35.4495097
Union Township PA,-76.24233584,40.84446975
Llano TX,-98.6750379,30.7593452
Port Barre LA,-91.9540055,30.5601953
Mandan ND,-100.889704,46.826415
Oxford AL,-75.327026,40.325107
Tiverton RI,-71.1698091,41.6225486
Clendenin WV,-81.3481745,38.4887089
Kings Mountain NC,-81.3410516,35.2450607
Childress TX,-100.2040019,34.4264529
Coushatta LA,-93.3421165,32.0148834
Russellville KY,-86.887219,36.8453199
Newport Beach CA,-117.9294401,33.6170092
Anadarko OK,-98.2436626,35.072562
Coeur d'Alene ID,-116.7804664,47.6776832
Mableton GA,-84.56698061,33.811344
Antelope CA,-121.3299513,38.7082357
Fort Smith OK,-97.46678832,35.46725325
Fredericksburg VA,-77.4605399,38.3031837
Harrisonville MO,-94.3471072,38.655124
New Castle CO,-75.662956,39.6159851
Hopewell VA,-79.4639158,36.7468036
Villa Park IL,-87.9774854,41.8891319
Fairhope AL,-87.89742922,30.507956
Ludowici GA,-81.7430846,31.7097964
Johnstown PA,-78.9219698,40.3267407
Rome OH,-80.8650888,41.6054016
Council ID,-116.4381985,44.7298876
Tewksbury MA,-71.2342248,42.6106479
Lansing MI,-84.5553805,42.7337712
Independence MO,-94.4137923,39.0924792
Euclid OH,-81.5267873,41.5931049
Socorro NM,-106.8930169,34.0572769
Scottsville KY,-86.1905424,36.7533781
Lockhart TX,-97.6699996,29.8849441
Fort Meade MD,-76.7476153,39.10517
Florida City FL,-80.479102,25.4480101
Monroe LA,-92.1193012,32.5093109
Providence RI,-71.4128343,41.8239891
Stoneville NC,-79.9069847,36.4665269
Pima AZ,-111.6546163,32.1112624
Lakes Charles LA,-77.0341418,38.5012328
Ishpeming Township MI,-87.7214029,46.4798054
Florence AZ,-111.3873431,33.0314508
Gunlock KY,-82.9259979,37.547597
Okmulgee OK,-95.9690122,35.6677078
Spring Lake NC,-78.9728056,35.1679396
Middleburg FL,-81.90363744,30.0557025
Pueblo of Laguna NM,-107.4219005,35.0411311
Parkton NC,-79.0116971,34.9026635
Mansfield TX,-97.1416768,32.5631924
Webster MA,-71.880072,42.0500965
Saginaw MI,-83.9490365,43.4200387
Cabot AR,-81.5756301,38.0426498
Cobb County GA,-84.5732006,33.9373948
Tahoka TX,-101.7928881,33.166872
Sullivan MO,-93.1140993,40.1993002
Paddock Lake WI,-88.1050853,42.5775187
East Stroudsburg PA,-75.17666581,41.0036462
Humboldt TN,-88.9158953,35.8197917
Freeport TX,-95.3596617,28.9541368
Macon County AL,-85.6660307,32.366606
Norco CA,-117.5508901,33.9323307
Clark County WI,-90.6214928,44.7188146
Berne NY,-74.1334647,42.6253546
Merced CA,-120.4843269,37.3029568
Poplar Bluff MO,-90.3928881,36.7569994
Livingston Parish LA,-90.7189344,30.4158699
Reynoldsville WV,-80.4348145,39.2884222
Grundy VA,-82.0990223,37.2778886
Palmetto FL,-82.58360696,27.5278065
Boring OR,-122.3735225,45.4300573
Rib Mountain WI,-89.6558452,44.9112334
Russellville AR,-72.5237841,42.4135428
Utica KY,-87.1130521,37.6022699
Saratoga CA,-122.0230146,37.2638324
Newman CA,-121.0204222,37.3139487
Meadow Vista CA,-121.0356754,39.0016485
Noma FL,-85.618544,30.9821261
San Carlos Park FL,-81.8144132,26.4722631
Decatur County TN,-88.1083982,35.6067875
Rexburg ID,-111.7870222,43.8235163
Stafford VA,-77.4579783,38.4167265
Fort Valley GA,-83.8874084,32.5537585
Jackson County AL,-85.9867941,34.7692447
Lawton OK,-98.3903305,34.6086854
Carollwood FL,-82.50178289,28.05423385
Eagan MN,-93.1659179,44.818173
Hominy OK,-96.3952963,36.4142357
City Terrace CA,-118.1828495,34.0500116
New Milford CT,-73.41176538,41.5867418
Lehigh KS,-75.6048728,40.6096215
Sedona AZ,-111.7929891,34.8657757
Montpelier VT,-72.575684,44.260445
Beech Grove IN,-86.0894158,39.7221906
Neshoba County MS,-89.103199,32.7237573
Powhatan County VA,-77.9112655,37.5531622
Port Arthur TX,-93.9287815,29.8988258
Carroll County GA,-85.0641272,33.5588005
Thomaston CT,-115.055681,36.120612
Moorland IA,-94.2949662,42.441639
Gautier MS,-88.64134711,30.3692399
Red Valley AZ,-109.060559,36.603824
Pippa Passes KY,-82.8740498,37.334822
Grover Beach CA,-120.6218376,35.1209452
Whitehaven TN,-90.0292581,35.0273144
Seaside CA,-121.8170359,36.6258085
Arvonia VA,-78.3413918,37.683478
Palm Beach Gardens FL,-80.13530881,26.84176195
Pottawatomie County OK,-96.969909,35.1783637
Picture Rocks AZ,-111.1270445,32.3234076
Macon GA,-83.6324022,32.8406946
Maryneal TX,-100.4503798,32.2354051
Cottonwood Heights UT,-111.8102104,40.6196702
Brighton Township MI,-83.73404219,42.560642
DeSoto TX,-96.86565754,32.6060145
Reseda CA,-118.5364742,34.2011156
Habersham GA,-83.5016755,34.6270741
Herndon VA,-77.3859479,38.9695316
Laramie WY,-117.070831,32.805984
Waterford Township MI,-83.3896241,42.6706391
Harvey IL,-87.6467132,41.6100344
East Bernstadt KY,-84.1177098,37.1895318
St. Tammany Parish LA,-89.9730381,30.4243909
Burns OR,-119.0541032,43.5862607
Desha AR,-91.3110517,33.7740219
Millbrook AL,-86.3619163,32.4798575
Campbellton TX,-98.3025108,28.747482
Marion AR,-85.6554856,40.5609223
Bossier City LA,-93.65118697,32.505893
Newton NH,-74.7530943,41.0582103
Brick NJ,-74.1280562,40.0707244
New London WI,-88.7398255,44.3927581
Norwood OK,-95.294518,36.1150112
Melbourne FL,-80.6081089,28.0836269
Whitehall OH,-82.8854559,39.9667308
Meridianville AL,-86.57136115,34.8703256
Millerton OK,-95.0135582,33.9859409
Benton Harbor MI,-86.4541894,42.1167065
Bunch OK,-94.761058,35.6825898
Black River Falls WI,-90.8484137,44.2952152
Avella PA,-80.4606226,40.2750705
Muscle Shoals AL,-87.6686733,34.7451786
Jackson MI,-84.4016963,42.2465036
Fountain Valley CA,-117.9627349,33.7038145
Lisle IL,-88.0747875,41.801141
Big Springs NE,-102.074349,41.061381
Deerfield IL,-87.8445119,42.1711365
Winooski VT,-73.183022,44.495036
Dover DE,-75.5243682,39.158168
New Castle DE,-75.662956,39.6159851
Chester VA,-77.4421818,37.3569086
Louisville NE,-85.57618606,38.31059285
Huntley MT,-108.3015173,45.899401
Palm Harbor FL,-82.7637127,28.0780718
Chamblee GA,-84.2988296,33.892176
Sissonville WV,-81.6309601,38.5281485
Old Town FL,-82.9817927,29.6013454
Waldoboro ME,-69.375916,44.095476
North East MD,-75.9413327,39.6001132
San Mateo CA,-122.3330573,37.496904
McLemoresville TN,-88.5745001,35.987286
Hollywood CA,-118.3299899,34.1028268
Del Mar CA,-117.2653146,32.9594891
Miami Beach FL,-80.1353006,25.7929198
Florissant MO,-90.322614,38.789217
Edinburg NY,-74.1040191,43.2217388
Roxand Township MI,-84.8963815,42.762257
Scott County KY,-84.5816131,38.2776401
Udall KS,-97.1142063,37.3875221
Citra FL,-82.1098156,29.4119166
Elko NV,-115.7630982,40.8324188
Holiday FL,-82.7395454,28.18779
Stamford CT,-80.9308626,35.5698636
Arvada CO,-105.220743,39.8211225
Westover AL,-86.53510575,33.357595
Arundel ME,-70.4778292,43.3825857
Tishomingo OK,-96.6789023,34.2356388
Grant-Valkaria FL,-80.571043,27.939804
Buffalo MO,-78.8783922,42.8867166
Brookhaven MS,-86.99392492,34.58672105
Coolin ID,-116.8493715,48.4796414
Pleasant Hill NC,-79.4816876,35.873471
York SC,-76.727392,39.962398
Smartsville CA,-121.2985701,39.2073932
Norman VA,-78.0649984,38.5126247
Shelbyville TN,-86.4602717,35.483406
Franklin LA,-72.6110645,42.5896205
Lodge Grass MT,-107.3636701,45.3146237
Snohomish WA,-121.7304882,48.0074736
North Riverside IL,-87.8152024,41.84686
Ladera Heights CA,-118.3753543,33.9941792
Clinton MD,-76.8983059,38.7651145
Bridgeton NJ,-75.2340768,39.427337
Bolton CT,-80.776371,35.35839
Talking Rock GA,-84.5049279,34.5092563
Greenville County SC,-82.19147734,34.7458458
Germantown PA,-75.1801775,40.0434449
Panama City Beach FL,-85.8054879,30.1765914
Boulder City NV,-114.8324851,35.9785912
Elizabethton TN,-82.2106876,36.3487196
Nocona TX,-97.7258626,33.7867684
Medicine Lodge KS,-98.580361,37.2811339
Charlottesville VA,-78.4766781,38.029306
Chapeno TX,-99.14969576,26.53466625
Glenville NY,-73.9282787,42.8682502
Clarkesville GA,-83.5248933,34.6125971
Weirton WV,-80.5895167,40.4189566
Pineville LA,-87.1772079,31.7426552
Hunters WA,-118.2019313,48.1168314
Pryor OK,-95.3169136,36.3084275
Escondido CA,-117.0814849,33.1216751
Wilmington NC,-77.9447107,34.2257282
Pavilion Township MI,-83.25105801,42.9520956
Maysville MO,-94.3618967,39.8891658
Pasadena TX,-95.2091006,29.6910625
Southington OH,-80.955924,41.308389
Old Bridge NJ,-74.34090357,40.399178
Junction City KS,-96.8313978,39.0286093
Westminister CO,-75.9685561,39.6473344
Perryopolis PA,-79.7505971,40.0870183
Opa-Locka FL,-80.25949641,25.89673385
Woodlawn MD,-76.745956,39.301516
La Paz County AZ,-114.0184443,33.7923828
Bellflower CA,-118.1167679,33.8825705
Daviess County KY,-87.0818357,37.6877924
Alpine CA,-119.8345013,38.5893934
Assaria KS,-97.6044806,38.6802826
Chestertown MD,-76.0666126,39.2089986
Saginaw TX,-97.3639068,32.8601275
Kingwood TX,-95.1846301,30.0497077
Oxnard CA,-119.1803818,34.1976308
Mecca CA,-116.0697082,33.5511969
Walnut Creek CA,-122.0618702,37.9020731
Union City CA,-122.0816297,37.5963232
Gallup NM,-108.7439489,35.5283573
Lancaster SC,-76.2411283,40.08067
Jefferson City MO,-92.1724265,38.577359
Brevard NC,-82.7342919,35.2334472
Pardeeville WI,-89.3001174,43.5377608
Spencer MA,-71.992297,42.2439811
Bernice LA,-83.7535304,37.2070342
Burnsville NC,-82.2996682,35.9171843
Oroville CA,-121.556359,39.5137752
Maui HI,-156.3106833,20.8029568
Auburndale FL,-81.8037624,28.10798645
Carrollton TX,-96.8902816,32.9537349
Pelzer SC,-82.4559598,34.6423372
Onalaska TX,-91.2343539,43.8830606
Lafayette IN,-86.8752869,40.4167022
Twinsburg OH,-81.4401129,41.3125552
Pilot Station AK,-162.8813944,61.9376372
Thurston County WA,-122.8855155,46.9319983
Joilet IL,-86.272592,41.799715
Lake Elmo MN,-92.8793768,44.9957998
Gardnerville Ranchos NV,-119.7412875,38.8882398
San Angelo TX,-100.4398442,31.4648357
Ventnor NJ,-74.4773916,39.3405045
Poultney VT,-73.18962053,43.5219265
Springdale AR,-76.4959268,39.1601573
Frametown WV,-80.8584357,38.6378762
Pembroke NY,-78.4347444,42.9975593
Cayce SC,-81.0739827,33.9657091
Lake Asbury FL,-70.8842169,42.6223163
Lauderdale County MS,-88.689636,32.3905206
Wenatchee WA,-120.3103494,47.4234599
North Fort Collins CO,-105.109059,40.5665269
Hiseville KY,-85.8124723,37.1008864
Taos NM,-105.5730665,36.4072485
Washington Park IL,-90.0928852,38.6350501
Gooding ID,-114.7131938,42.9389067
Chavies KY,-83.3562912,37.3478703
Sparta NC,-81.1209189,36.5054071
Naples ME,-70.609818,43.972063
Paulding County GA,-84.8569161,33.8908526
Rosenberg TX,-95.8085623,29.5571825
Warren MI,-83.0277001,42.4775364
Owasso OK,-95.8549456,36.2661536
Big Bear MO,-105.8172104,33.9834022
Cocoa Beach FL,-80.62631487,28.3293255
Miami Township OH,-84.73860644,39.1592157
Logan Canyon UT,-111.8348631,41.7313447
Wayne County KY,-84.8250848,36.7822106
Sugar House UT,-111.8596868,40.7254487
Orange NJ,-74.2326463,40.7706562
Clay AL,-96.7990613,32.797418
Sherwood OR,-122.840357,45.3570983
Wimberley TX,-98.0986268,29.9974386
Mora MN,-93.2938352,45.8769031
Golden CO,-105.2210997,39.755543
Dearborn Heights MI,-83.2732627,42.3369816
Dinosaur CO,-109.0092525,40.242908
Norwich CT,-105.056359,40.528106
Fort Morgan CO,-103.799951,40.2502582
Myra TX,-97.3144625,33.6239966
French Lick IN,-86.6199659,38.5502547
Davenport IA,-90.5776368,41.5236436
Brodhead KY,-84.4138259,37.4042496
Burlington IA,-91.1129234,40.8075391
Rosalia KS,-96.6197416,37.8152985
Leedey OK,-99.3476506,35.8698726
Oak Hill OH,-82.2409893,40.4142318
East Troy WI,-88.4054374,42.7851871
Loganville GA,-83.9007382,33.8389977
Gibson LA,-82.5954083,33.2334789
Monon IN,-86.8789044,40.8678171
Sylvania Township OH,-83.842802,42.454684
Clackamas County OR,-122.2305038,45.1608821
Shawnee National Forest IL,-88.6667208,37.5000504
Sheboygan WI,-87.71453,43.7508284
Hudson NC,-81.4959267,35.8484645
Efland NC,-79.1691812,36.0812507
West Olive MI,-86.1471466,42.921341
Bellville TX,-96.2571858,29.9502253
Redwood City CA,-122.2325233,37.4863239
Madison County MS,-83.4184811,30.4710437
Jasper OH,-83.0565679,39.05007
Stutsman County ND,-98.9742609,46.9596318
Clinton MO,-94.4184896,39.5975986
Lakewood CA,-122.518458,47.1717649
Bassett CA,-117.9967323,34.0497323
Hanover NM,-108.0911535,32.8134085
Pima County AZ,-111.6546163,32.1112624
Hampton NH,-90.4096858,41.5561473
Huntington Park CA,-118.2250725,33.9816812
Fairland OK,-94.8474567,36.7511833
Livermore CA,-121.7680531,37.6820583
Jackson TN,-88.8177418,35.6144446
Sims AR,-122.3353338,41.1041666
Buckeye AZ,-112.5838673,33.3702748
St. Clair Township OH,-84.53333561,39.45054435
Plant City FL,-82.12720212,28.023544
West Milford WV,-74.3673748,41.1312069
Pine River WI,-88.5853699,45.8812096
Spalding County GA,-84.2770865,33.2591296
Weston WI,-89.5476204,44.8908021
Hutchinson MN,-94.3697057,44.8877401
Knoxville PA,-77.4388719,41.9572933
Hoover AL,-77.060916,39.861896
Southfield MI,-83.2218731,42.4733689
Barrow County GA,-83.6996482,33.9848611
Roseville MN,-93.1566107,45.0060767
Rantoul IL,-88.1558785,40.3083672
Delaware OH,-83.067965,40.2986724
Oak Harbor WA,-122.6432245,48.2931559
Henderson County TX,-95.7893178,32.182598
Lynchburg VA,-79.18449239,37.40088
The Colony TX,-96.8863922,33.0890094
York NE,-97.592026,40.868095
Sneads FL,-84.9243663,30.707692
Potsdam NY,-74.9813349,44.6697996
Straban Township PA,-77.160586,39.882346
Guadalupe County TX,-97.8279576,29.6480061
North Manchester IN,-85.768597,41.0006005
Anniston AL,-85.83984228,33.695381
Paris KY,-84.2529869,38.2097987
Dundee FL,-81.6192432,28.0225206
Malta MT,-107.868618,48.355901
Bath NH,-71.966629,44.16743
Hurst TX,-97.1705678,32.8234621
Dalton IL,-95.915609,46.173849
Fairchance PA,-79.7544923,39.8247986
Rosebud SD,-100.853478,43.232782
Kiowa OK,-99.019906,34.9425062
Rochester NY,-77.61068615,43.1854754
Toms River NJ,-74.1979576,39.9537359
Sidney NE,-102.977284,41.14383
Winslow NJ,-74.8623868,39.6573385
Pride LA,-115.228887,36.118662
Carnesville GA,-83.235155,34.3698266
Mannford OK,-96.3544571,36.1334101
Bassett VA,-79.9903195,36.7593037
San Manuel AZ,-110.6481488,32.6184145
Gaston County NC,-81.179014,35.2849659
Osteen FL,-81.1625612,28.8461019
Johnson County MO,-93.8161034,38.7295547
Woodbridge NJ,-74.28600077,40.55418
Culpeper VA,-77.9961275,38.4733823
La Crosse WI,-91.2395429,43.8014053
Maywood CA,-118.185349,33.9866807
Harrisonburg VA,-78.8688833,38.4493315
Raleigh TN,-78.6390989,35.7803977
Byron CA,-121.6346574,37.874063
Finney County KS,-100.8199963,38.0452481
Winchester VA,-78.1652404,39.1852184
El Sereno CA,-118.1778495,34.0811213
Greenbelt MD,-76.8755282,39.0045544
Bay City MI,-83.8888648,43.5944677
Longview WA,-122.9344623,46.1377048
Phelps KY,-82.1501331,37.5128846
Standing Rock Reservation ND,-101.200609,45.74887
Lower Macungie Township PA,-75.5687973,40.5392635
Pendleton SC,-82.7820663,34.6508092
Campbelltown PA,-76.5852462,40.2775915
Garden City ID,-116.2381787,43.622111
Maurice River NJ,-74.9915423,39.2827707
Moraine OH,-84.2193849,39.7061702
Baldwin Hills CA,-118.3505956,34.0075684
Grandview MO,-119.9017049,46.2509653
Latta SC,-79.4321949,34.337691
Brandywine WV,-79.2447608,38.6248402
Splendora TX,-95.1610438,30.2329914
Barton MS,-97.89126286,30.0272861
Erie PA,-80.0852421,42.1290657
Vero Beach FL,-80.3975399,27.6387163
Mathis TX,-97.8274111,28.0942916
Ideal Beach NJ,-74.1266495,40.452037
Calexico CA,-115.498703,32.6790572
Marion IL,-88.9331256,37.7306054
Mankato MN,-93.9993505,44.1634663
Winters TX,-99.962313,31.9565343
Covington GA,-83.8601827,33.5967815
North Pole AK,-147.349319,64.750997
Forest Park GA,-84.3690918,33.6220542
Emporia VA,-77.5357141,36.6937606
West Springfield MA,-72.6203675,42.1070383
Clermont FL,-81.75219868,28.5395705
Chambersburg PA,-77.6598624,39.9405903
Waverly OH,-82.9854553,39.126735
Panora IA,-94.3630215,41.6916535
Everett WA,-122.2013998,47.9673056
Henrico VA,-77.4234124,37.5455191
Follansbee WV,-80.5959065,40.3275693
Port Wentworth GA,-81.1631681,32.149092
Wadesboro NC,-80.0767266,34.9682097
Prichard AL,-88.0788889,30.7387998
York WI,-91.1451559,44.4499614
Silver Springs NV,-119.2246076,39.4154735
Winslow AZ,-110.6973572,35.0241874
New Straitsville OH,-82.2376489,39.577847
Eufaula AL,-86.86864,33.507865
Greenspoint TX,-95.41607391,29.944719
Thomasville GA,-83.9787808,30.8365815
Grayson County VA,-81.2114025,36.6512208
Elkridge MD,-76.7137155,39.2128338
West Chester PA,-75.6059638,39.9597213
Shelbyville KY,-85.2235666,38.2120144
Converse LA,-112.2672585,33.5342445
Gray TN,-82.4765352,36.4198258
Lake Havasu City AZ,-114.344001,34.4742786
Somerset PA,-79.0415528,39.9980022
St. Joseph MI,-85.5356726,41.9031963
Dallas OR,-123.3158695,44.9189206
York County PA,-76.7008946,39.9067499
Fairfield OH,-82.6418883,39.7886111
Hesston KS,-97.4314267,38.1383437
Evangeline Parish LA,-92.4217813,30.6976776
Austin AR,-92.9678573,43.6701968
Cantonment FL,-87.344442,30.605427
Douglas GA,28.0260389,-26.1146385
Gibson County TN,-88.932729,35.9745692
Rainbow City AL,-86.13996442,33.928922
Reisterstown MD,-76.82068901,39.45927545
Salisbury MD,-75.6008881,38.3662114
Foresthill CA,-120.8254018,39.0019935
Midlothian TX,-96.9944489,32.482361
Denham Springs LA,-90.9562125,30.4868564
Mount Hope WI,-90.8590158,42.9672091
Pine Bluff AR,-86.9642414,30.552801
Ludlow KY,-84.5474435,39.0925598
Kinston NC,-77.5816353,35.2626635
Fort Myers FL,-81.8723084,26.640628
Harmony IN,-87.0723528,39.5364433
Clearlake Park CA,-122.6510961,38.966564
Estill Springs TN,-86.1280417,35.2706372
Paulden AZ,-112.4682271,34.8855757
Lacey WA,-122.8072257,47.0263876
Petal MS,-89.2600605,31.3465627
McLoud OK,-97.0914163,35.4358996
Beacon NY,-73.9696822,41.504879
Artesia CA,-118.0796195,33.8690197
Orosi CA,-119.2873384,36.5449499
Franklin TN,-86.8689365,35.925193
Sheridan AR,-106.966026,44.7974556
Brockton MA,-71.0183787,42.0834335
King City OR,-121.1260287,36.2127439
Barbourville KY,-83.8888138,36.8664765
Rochester WA,-91.1584904,41.6739117
Beaver WA,-94.1421197,42.0383049
Tucumcari NM,-103.7381148,35.16668035
Three Forks MT,-113.308696,48.1135656
Crescent City CA,-124.149862,41.8528065
Brooklet GA,-81.6631659,32.3796294
Haughton LA,-93.5040627,32.5326514
Fort Stockton TX,-102.8793222,30.8940431
Park County CO,-105.7561639,39.1089299
Fife WA,-122.3626381,47.2359524
Pittston PA,-75.7893604,41.3259134
Panorama City CA,-118.4453745,34.2242902
Leavenworth KS,-94.922759,39.3113257
Reagan TN,-84.5140973,35.551463
Wellman IA,-91.8378537,41.4650649
Franklin County MO,-91.0841241,38.4021095
Coney Island NY,-73.985145,40.575789
Show Low AZ,-110.0298327,34.2542084
Tehachapi CA,-118.4489739,35.1321878
Cape Girardeau MO,-89.5181476,37.3058839
Gilroy CA,-121.5631723,37.0065078
Horn Lake MS,-90.0348139,34.9553719
Marion MI,-85.146984,44.102515
Springfield IL,-89.6443688,39.7989763
Tiffin OH,-83.1779537,41.114485
Burkesville KY,-85.3705186,36.7903399
West Valley City UT,-111.9867271,40.696629
Blackman Township MI,-74.6340471,39.2459484
Ft. Lauderdale FL,-80.1433786,26.1223084
Old Saybrook CT,-80.79876,35.152238
Cabazon CA,-116.7795345,33.9090305
Campobello SC,-82.1501112,35.1156714
Melba ID,-116.5290116,43.3754405
Suffield CT,-72.8544023,41.5410322
Franklin WI,-88.0384195,42.888627
Gallatin TN,-86.4475898,36.3883031
Graham WA,-122.2785729,47.0395996
Lenoir NC,-81.5389849,35.9140196
Cochran GA,-83.3546098,32.3868278
Powder Springs GA,-84.683824,33.8595492
San Marcos CA,-117.1661449,33.1433723
Glendale CA,-118.2462486,34.192912
Helena MT,-112.036109,46.592712
Jacksonville AL,-85.7613476,33.8137163
Kenai Peninsula AK,-151.788033,60.0968272
Beckley WV,-81.1881557,37.7781702
Bloomfield NJ,-74.1854226,40.806767
Dundalk MD,-76.5236745,39.2574114
Sandia TX,-97.8794439,28.0225146
Englewood OH,-84.3021673,39.8775553
Austin MN,-97.7436995,30.2711286
Pinnacle NC,-82.7426322,35.5795516
Frederick MD,-77.4109269,39.4142186
Jackson WI,-90.8085198,44.3016847
Tomball TX,-95.6160549,30.0971621
Kuna ID,-116.4201223,43.4918307
Newton Grove NC,-78.3543933,35.2454313
Florence OR,-124.099839,43.982672
Vacaville CA,-121.9877444,38.3565773
Portage MI,-85.5800022,42.2011538
Forest Park IL,-122.7585806,45.56146795
Valinda CA,-117.933559,34.0384785
Canton Township PA,-75.2366785,40.1879129
East Hollywood CA,-118.3299899,34.1028268
Cary NC,-78.7811925,35.7882973
Petroleum WV,-81.2684485,39.1909105
Hanover IN,-85.4735707,38.7142263
Fort Littleton PA,-77.9636117,40.0628635
Belle Glade FL,-80.67212587,26.68837015
Overlea MD,-76.5280151,39.3570551
Katy TX,-95.8243956,29.7857853
Barberville FL,-81.420901,29.1872023
Newnan GA,-84.7996573,33.3806716
Vernon TX,-99.2844588,34.1530745
Nacogdoches TX,-94.6554874,31.6035129
Sparta WI,-90.8129118,43.9441328
McDowell MO,-93.7932554,36.8242287
Fridley MN,-93.2590388,45.0838291
Plymouth Township PA,-75.29834666,40.10941275
Malone NY,-74.295044,44.84881
Grant OK,-97.7824914,36.7888817
Kellyville OK,-96.2136136,35.9436968
Gurnee IL,-87.9020186,42.3702996
Lawndale IL,-89.2827052,40.2186868
Chesterfield County SC,-80.1417843,34.6500578
Lynnwood WA,-122.3053932,47.8278656
Tustin CA,-117.826166,33.7458511
Monroeville AL,-87.3247077,31.5279399
Ridgefield WA,-122.7433775,45.8167616
Winnsboro LA,-81.0864776,34.3807012
Delhi CA,-120.7768383,37.434026
Walton IN,-86.24194,40.6608726
Galveston TX,-94.7945882,29.299328
Rincon GA,-81.2353905,32.2960289
Arcola IL,-88.3064367,39.684755
Ponca City OK,-97.0667341,36.7267431
Talihina OK,-95.0480162,34.7514893
Northwood OH,-83.4688204,41.607272
Springtown TX,-98.1897589,31.802096
Wichita Falls TX,-98.4933873,33.9137085
Seward AK,-149.4426113,60.104202
Spotsylvania VA,-77.6741751,38.1880936
Elsmere KY,-84.6046663,39.0125608
Kahuku HI,-157.94838,21.679124
Santa Clarita CA,-118.542586,34.3916641
Fairmont WV,-80.1425781,39.4850848
Smyrna DE,-75.6046494,39.2998339
Hawthorne CA,-118.34816,33.911454
Cape Canaveral FL,-80.52662,28.45077
Clovis CA,-119.7029194,36.8252277
Reading MA,-71.0953314,42.5256502
Carlsbad NM,-104.2287757,32.4207262
Winchester CA,-117.0632812,33.7193845
Lakeshire MO,-90.3351164,38.538664
Perryville AR,-76.0752575,39.5429688
Liberty NC,-80.3353224,35.5809374
Dinuba CA,-119.3870656,36.5432837
Brawley CA,-115.530267,32.9786566
Navarre FL,-86.8700821,30.4019789
Coalinga CA,-120.2945457,36.16099095
Arcata CA,-124.08284,40.866517
Uniontown OH,-81.4072768,40.9758992
Bethany OK,-97.6322648,35.5186728
Broomfield CO,-105.0587294,39.9379892
Byram NJ,-75.059615,40.4237156
Swansea SC,-81.0978734,33.7382088
Colebrook Township OH,-74.65348498,40.324629
Monroe WI,-89.6392396,42.6018298
Rutherfordton NC,-81.9567716,35.3692877
Hall County GA,-83.8194028,34.2905901
Wewoka OK,-96.4933457,35.1586902
Lawrence County AL,-87.3017331,34.4776367
Mitchell SD,-98.025379,43.70953
Wink TX,-103.1598876,31.7512396
Rio Bravo TX,-99.4800415,27.3641887
Sunridge NV,-119.8626718,39.3434893
Jennings MO,-92.4569893,39.4318466
Mountain Pine AR,-93.173279,34.571095
South Bend IN,-86.2500066,41.6833813
Yorba Linda CA,-117.8249705,33.8901096
Lexington SC,-81.2362134,33.9815369
Anderson CA,-122.2977815,40.448208
Progreso TX,-97.9572242,26.0922991
Georgetown KY,-84.5588311,38.2097967
Wilkesboro NC,-81.1606401,36.145965
Mulberry AR,-81.200706,36.207956
Lawrenceburg TN,-87.3347389,35.2423023
Three Points AZ,-111.3135302,32.0769339
Aurora MO,-101.2641319,19.7006931
Sparta TN,-85.4641342,35.9258921
Belleville MI,-83.4852106,42.2048414
Bremerton WA,-122.6246836,47.5653663
Joshua Tree CA,-116.3209349,34.1265262
Hernando FL,-82.4605068,28.5710156
Hinds County MS,-90.4793259,32.2506754
Boerne TX,-98.7319703,29.7946641
Hacienda Heights CA,-117.9686755,33.9930677
Brick Township NJ,-74.12231529,40.0691585
Livingston MT,-110.56104,45.662436
Statesville NC,-80.8872959,35.7826363
Rock Falls IL,-89.6889967,41.7797533
Fisty KY,-83.1015577,37.3339851
Clearfield UT,-112.0244382,41.1134756
West Fargo ND,-96.900362,46.874967
Goodbee LA,-90.1975809,30.4957475
Pawtucket RI,-71.3825558,41.878711
Woodland WA,-122.7408326,45.9109715
Montgomery Village MD,-77.2030297,39.1729034
Twentynine Palms CA,-115.9819,34.1181
Hawaiian Gardens CA,-118.0743137,33.8284787
Sevierville TN,-83.561835,35.8681455
Findlay OH,-83.6503982,41.0413873
Thomasville NC,-80.081817,35.8831786
Kendale Lakes FL,-80.4069986,25.7081577
Little Egg Harbor NJ,-74.366968,39.6452742
Tuscumbia AL,-87.70253,34.7312005
Panama City FL,-85.6605595,30.165156
Elkins WV,-79.8466552,38.925927
Highlands Ranch CO,-104.9694264,39.5538771
Wilhoit AZ,-112.6082221,34.4045775
Brookville OH,-84.4113366,39.8367207
Trenton MI,-83.1800544,42.1406552
Lewisburg TN,-86.7888887,35.4492404
Montebello CA,-118.111975,34.0159398
West Odessa TX,-102.4814633,31.8359735
Merrick NY,-73.551516,40.6628796
Thomas County GA,-83.9471866,30.8686259
Owen County IN,-86.8508562,39.2984518
Little Orleans MD,-78.3864002,39.625925
Gilbert MN,-111.7890239,33.3528259
Boulder Creek CA,-116.6881244,32.9726949
New City NY,-73.9902998,41.1469917
Pink OK,-97.4732938,35.6130334
Bangor ME,-68.7778138,44.8011821
Mt. Auburn OH,-84.6588413,39.627275
Levelland TX,-102.37796,33.5873164
Crowell TX,-99.7248158,33.983973
Neosho MO,-94.38778371,36.850586
Albany GA,-82.8457691,40.0555158
Miami OK,-94.877374,36.8746177
Bailey CO,-102.8149372,34.0349194
Ashe County NC,-81.5076569,36.4393554
Steubenville OH,-80.6339638,40.3697905
Deland FL,-81.3031098,29.0283213
Farmers Branch TX,-96.8961151,32.9265137
Santa Monica CA,-118.487549,34.019657
Lakeland TN,-89.7403606,35.2306435
Bridgeport CT,-92.38567,34.780069
Deming NM,-107.7586404,32.2686981
East Wenatchee WA,-120.2931263,47.4156824
Milcreek UT,-113.5319421,37.10260285
Sioux City IA,-96.4058782,42.4966815
Lincoln Parish LA,-92.6792848,32.598162
Barnwell AL,-87.8794366,30.4249194
Lone Rock AR,-111.7934133,40.5282581
Rockville GA,-83.2187677,33.3276362
East St. Louis IL,-90.1509429,38.6244952
Counce TN,-88.2733741,35.0423075
Dakota City IA,-94.1971836,42.7221935
Merrillville IN,-87.3328139,41.4828144
Morganton NC,-81.6870994,35.7454376
Reno TX,-119.8136744,39.52927
Palm Springs CA,-116.4952977,33.77217945
Titusville FL,-80.8075538,28.6122187
Nampa ID,-116.5596313,43.5737361
Blue Summit MO,-94.481265,39.088662
Ozark AR,-93.1925638,37.0417461
Nevada MO,-114.7927248,41.7843398
Taunton MA,-71.0897675,41.900101
Berea KY,-84.2963224,37.568694
Grand Terrace CA,-117.3136544,34.0339031
New Paltz NY,-74.0844894,41.7464972
Clarksville TX,-95.052722,33.6106648
Del Rio TX,-100.896761,29.3627296
Neenah WI,-88.462609,44.1858193
Orange Park FL,-81.7016346,30.1654707
Mount Washington PA,-64.8768127,17.7485843
Middleton ID,-116.6201357,43.7068282
Wilderville OR,-123.4670077,42.382338
Logan UT,-111.8348631,41.7313447
Lead SD,-103.765198,44.352207
Manchester Township PA,-76.75340686,40.0120245
Atascadero CA,-120.6707255,35.4894169
Watagua TX,-97.2547371,32.8579056
Fairfax OK,-96.7041988,36.5736587
Floyd County GA,-85.2229248,34.2421984
Lakes Wales FL,-81.59398,27.895309
Eufaula OK,-95.5824846,35.2873206
Peachland NC,-80.2645069,34.993766
Eldorado NM,-105.9347424,35.5264241
England AR,-91.9690285,34.5442609
Rancho Tehama Reserve CA,-122.4718804,39.9937855
Berrien County MI,-86.3985714,41.9838614
Lantana FL,-80.052166,26.5865308
Oneida TN,-76.1254886,40.9075863
Rockledge FL,-80.72076513,28.312799
Iva SC,-82.663743,34.3064967
Watsonville CA,-121.7854466,36.887168
Sunrise FL,-80.32888594,26.1482449
Port Orange FL,-81.01055384,29.10150985
Breaux Bridge LA,-91.8992837,30.2735323
Hog Valley FL,-81.8953647,29.494415
McAlester OK,-95.7697934,34.9334981
Cushing OK,-96.76697,35.9850639
Little Mountain SC,-81.413712,34.1868112
Littlefield TX,-102.3249022,33.9173148
Edmond OK,-97.4649038,35.6571367
Pocatello ID,-112.4401098,42.8688613
Santa Paula CA,-119.0592705,34.3541659
Rufe OK,-95.1441197,34.1237158
Pottstown PA,-75.6496424,40.2452976
San Diego County CA,-116.7706277,32.9637838
Wellington FL,-80.2414357,26.6586779
Crystal MN,-93.3593224,45.0375868
Whitfield County GA,-84.9745026,34.7969288
Monett MO,-93.9277149,36.9289518
Lyndhurst NJ,-74.1242816,40.8120247
Iredell County NC,-80.8805593,35.8101636
Tuscaloosa AL,-86.859181,33.490251
Edmonton KY,-85.6121906,36.9800563
Springfield OH,-83.8088172,39.9242266
Ponder TX,-97.2872403,33.1828974
Avon IN,-86.3997168,39.7628227
Lumberton NC,-79.0083993,34.6183433
Dolton IL,-87.607268,41.6389236
Oakland Park FL,-80.1372006,26.1801443
Meridian MS,-116.4061217,43.61732135
Gilmer TX,-94.9424379,32.7287472
Anson County NC,-80.0958187,34.9705848
Springfield OR,-123.0220289,44.0462362
Middletown NY,-73.8316667,40.8397222
Bristol Township PA,-74.86447058,40.1229002
Manhasset NY,-73.6995749,40.7978787
District Heights MD,-76.8894171,38.8576128
Asheville NC,-82.5540161,35.6009498
Jal NM,-103.1935127,32.1131814
Elk Plain WA,-122.3668139,47.0448099
Little Havana FL,-80.2334686,25.7681503
St. Martin MS,-88.7940606,30.4336863
Horseheads NY,-76.8205119,42.167019
Overland Park KS,-94.6851702,38.9742502
Gillette WY,-116.9503988,33.9575416
Nashua IA,-92.5362956,42.9527536
Inwood WV,-78.040009,39.3579068
Brooksville AL,-86.8550033,34.5009267
Lake City SC,-92.2678663,44.4478474
Washington County AL,-88.2019828,31.3991238
Warwick NY,-73.88983922,40.75103865
Apple Valley CA,-117.1858759,34.5008311
300 block of State Line Road TN,-85.2519003,35.0142412
Weitchpec CA,-123.7083942,41.1881821
Stockton IL,-90.0067917,42.3497355
Silsbee TX,-94.1779626,30.3490978
Hixson TN,-85.18780199,35.2018626
Boyle Heights CA,-118.2048648,34.0331656
Bloomfield Township MI,-83.29398115,42.575186
McMinnville OR,-123.1975851,45.2109843
Richmond CA,-122.3477486,37.9357576
Homedale ID,-116.9337599,43.6176584
Joplin MO,-94.513281,37.0842271
Amelia Island FL,-81.4600909,30.6077379
Norman OK,-97.4394816,35.2225717
Scott County VA,-82.5893052,36.7117473
New Llano LA,-93.2715535,31.1149093
Ardmore OK,-97.1436254,34.1742611
West Linn OR,-122.6123141,45.3656761
Landrum SC,-82.1892007,35.1751148
Canton NC,-82.8373558,35.5328838
Camarillo CA,-119.0376024,34.2163939
Maricopa AZ,-112.49123,33.34883
Booneville KY,-83.6749145,37.4761991
Porterville CA,-119.0167679,36.06523
Perry Township OH,-82.23607933,40.13264655
Plymouth MN,-93.46651,45.0065149
Lowell MA,-71.3161718,42.6334247
Jacksonsville FL,-81.655651,30.3321838
Beckville TX,-94.4554782,32.2429366
Derry NH,-71.3264492,42.8808677
Raceland LA,-82.7283275,38.5399754
Middle River MD,-76.4394057,39.3342745
Lower Mount Bethel PA,-84.4131266,33.9661668
Corning WI,-89.98315231,45.25101665
Wausau WI,-89.6298239,44.9596017
Dallas NC,24.7264941,-28.7378276
Johnsonville SC,-79.4492228,33.8179432
Columbia Heights MN,-93.2517802,45.0460458
Fairview TN,-88.8411706,35.7636799
Bristol TN,-82.1885212,36.5945034
Campo CA,-122.4652507,37.8974258
Abingdon VA,-81.9774878,36.7095788
Willoughby OH,-81.4065011,41.6397696
Dillon MT,-112.6378442,45.216416
Studio City CA,-118.3961877,34.1483989
Hudson OH,-81.440667,41.240056
Irvine CA,-117.8259819,33.6856969
Fountain Inn SC,-82.1956679,34.6890095
Broken Bow OK,-94.7391045,34.0292764
Manistee MI,-86.324253,44.244447
Plantation FL,-80.25786124,26.1265258
Floral City FL,-82.30767091,28.7211775
Manila AR,-124.1420078,40.8763294
Clarksville AR,-87.3548256,36.543616
Genesee Township MI,-83.636037,43.0924025
Olympia WA,-122.8948725,47.0450197
Roosevelt UT,-109.9887605,40.299403
West Ouachita LA,-92.8293307,33.8523265
Okmulgee County OK,-95.9690122,35.6677078
Helena-West Helena AR,-90.59,34.5291
Fulshear TX,-95.8996261,29.690292
Lauderhill FL,-80.2133808,26.1403635
Everton MO,-93.702428,37.3425477
Solvang CA,-120.1390894,34.5958572
West Allis WI,-88.0070315,43.0166806
Elgin IL,-88.2810994,42.03726
Johns Creek GA,-84.190196,34.0181557
Peshtigo WI,-87.7492721,45.05443
Fairmont MN,-94.4610832,43.6521775
Douglas AZ,-109.5453461,31.3445508
St. James MN,-94.6269181,43.9824577
Hiram GA,-84.7621592,33.8756601
Abington Township PA,-75.11672188,40.11016755
Shelton WA,-123.1007066,47.2150945
Nice CA,-122.8356021,39.121271
Ashwaubenon WI,-88.060735,44.4752606
Quincy IL,-91.4098727,39.9356016
Sumas WA,-122.2837674,47.6104304
Lower Burrell PA,-79.7298187,40.5882821
Wolf Creek OR,-122.9768448,42.7100331
Dublin NC,-78.726407,34.6568361
Benton IL,-88.9200685,37.9967163
Terrell TX,-96.2752569,32.7359626
Bonaire GA,-83.5960264,32.5438429
Penasco NM,-105.686404,36.1694698
Fulton KY,-89.102082,36.5577082
Morris MN,-95.913941,45.586072
Somerton AZ,-114.709677,32.5964404
Smithville MS,-94.57388667,39.37307455
Greene County MO,-93.3465486,37.2671929
Catoosa OK,-95.745817,36.188987
Delray Beach FL,-80.0728201,26.4614625
Crenshaw County AL,-86.3244009,31.6809362
Winnie TX,-94.3840777,29.8202205
Augusta GA,-81.9748429,33.4709714
Box Elder SD,-103.0645143,44.1333654
Hummelstown PA,-76.7083033,40.2653681
Canaan Township PA,-75.39752705,41.5664183
Warren County KY,-86.4233533,36.9812407
Tate County MS,-89.9335244,34.6391489
Chalmette LA,-89.9629372,29.9427892
Aurora IL,-88.3147539,41.7571701
Waukesha WI,-88.2314813,43.0116784
Clinton NC,-78.3233325,34.9979453
Beverly MA,-70.8800491,42.5584284
Sand Springs OK,-96.1100025,36.1394339
Woodbridge VA,-77.2497049,38.6581723
Woodford VA,-77.4088708,38.1131886
Santa Nella CA,-122.9666644,38.497135
North Hollywood CA,-118.3740371,34.1729044
Geneva Township OH,-83.048196,39.934337
Eagle Mountain UT,-112.0147617,40.3066676
Salinas CA,-121.6550372,36.6744117
Fond du Lac WI,-88.4458033,43.7748763
Harker Heights TX,-97.6597377,31.0835102
Leitchfield KY,-86.2938637,37.4800544
Rosemead CA,-118.0879763,34.0676169
Richmond Heights OH,-81.510121,41.552829
Romulus MI,-83.3965995,42.2222614
York County VA,-76.5156945,37.2230374
San Rafael NM,-107.8824384,35.1123205
Rapid Valley SD,-103.12116,44.06957795
Oakfield ME,-68.1500246,46.0989408
Meadow Bridge WV,-80.8542568,37.8590061
Mashantucket CT,-71.96290892,41.466023
Durham CA,-121.8044375,39.62743635
Pacific Beach CA,-117.2403183,32.7978268
Dade City FL,-82.1959178,28.3647248
North Laredo TX,-99.5088979,27.5060991
Cache OK,-98.6286741,34.6295165
Zanesville OH,-82.0131924,39.9403453
Baldwin County AL,-87.7324392,30.5677527
Adams County CO,-104.2701374,39.8714085
Fishers IN,-86.0138729,39.9555928
Dickson TN,-87.3480592,36.1459327
Odanah WI,-90.696851,46.6082759
Truth or Consequences NM,-107.2529059,33.1283485
Killeen AL,-97.727796,31.1171441
Midland MI,-84.2472117,43.6155825
Kenner LA,-88.5681062,38.6458808
Midway FL,-83.0787434,30.0118921
Lebanon MO,-81.2731699,39.607851
Kenosha WI,-87.8212263,42.5846773
Vineland MN,-75.00202655,39.473152
Pinellas Park FL,-82.70437834,27.8599115
Riverdale GA,-84.4132594,33.5726113
Merrimack NH,-71.49469376,42.8664567
Dover AR,-75.5472438,39.183246
Affton MO,-90.3331719,38.5506084
Palatka FL,-81.6372111,29.6487882
Princeton NJ,-74.6592958,40.3492744
Haymarket VA,-77.6368038,38.8121398
Channelview TX,-95.1146533,29.7760599
Owings Mills MD,-76.796299,39.4010753
Josephine County OR,-123.5602707,42.3554368
Rose Bud AR,-92.0812595,35.3314708
Burns Flat OK,-99.1703617,35.3489398
Lucedale MS,-88.598635,30.9151871
Magna UT,-112.0892019,40.70268345
Lawndale NC,-81.5631474,35.4140187
Healdton OK,-97.4878023,34.2331475
Micanopy FL,-82.27959,29.5045307
Sierra Blanca TX,-105.3571764,31.1745732
Charleston SC,-79.9402728,32.7876012
Morenci AZ,-109.3259809,33.0512895
Palestine TX,-95.6307891,31.7621153
Kings County CA,-62.5328945,46.17366575
Greenwood IN,-86.1066526,39.6136578
Essex MD,-76.4790355,39.3075071
Goshen IN,-85.834366,41.5824086
King of Prussia PA,-75.3774548,40.0990513
Duarte CA,-117.9772873,34.1394513
Bluefield WV,-81.2223195,37.2698395
Dunwoody GA,-84.3345306,33.9461513
Laguna Woods CA,-117.7249722,33.6106076
Mount Hope WV,-81.1642682,37.8953906
Alexandria MN,-77.09024765,38.8147596
Dyer IN,-87.5217068,41.4942021
Barona Indian Reservation CA,-116.861579,32.946074
Cumberland County KY,-85.3795095,36.7934611
McKinneyville CA,-124.1006205,40.9465152
Wetumka OK,-96.2417952,35.2319678
Santa Barbara CA,-119.7026673,34.4221319
Eaton Rapids Township MI,-84.776849,42.554225
Pearisburg VA,-80.7350712,37.3265112
Fuqua TX,-94.7363152,30.4471514
Oxford MA,-71.8647941,42.1167621
Greenville MS,-82.37034313,34.8576708
Slidell LA,-77.3319294,39.2195494
Hillyard WA,-117.3648057,47.7042198
Lawrenceville GA,-83.9879625,33.9562149
Seagoville TX,-96.5383228,32.6395776
Penn Township PA,-76.95566458,39.80799875
Hamilton NJ,-74.0812506,40.2070573
Pasco WA,-119.1005657,46.2395793
White GA,-71.44499252,42.7090738
Bardstown KY,-85.4669025,37.8092279
East Ridge TN,-85.2519003,35.0142412
Crownpoint NM,-108.1472048,35.679
Grand Rapids MI,-85.6678639,42.9632405
Victoria TX,-97.0035982,28.8052674
La Quinta CA,-118.9094923,34.1827738
Round Lake IL,-88.0934145,42.353355
Fritch TX,-101.603228,35.6397656
Spenard AK,-149.9063889,61.1886111
Vadnais Heights MN,-93.0738306,45.0574659
Schenectady NY,-73.9395687,42.8142432
Harmony TX,-94.769933,31.5290692
Columbia Township MI,-84.40882711,39.171265
Hampton VA,-76.3452057,37.0300969
Casselberry FL,-81.32379075,28.654276
Ouachita Parish LA,-92.1615004,32.4790511
Commerce GA,-83.4571058,34.203997
Elberton GA,-82.8670839,34.1112226
Coral Springs FL,-80.26534204,26.26485615
Keaau HI,-155.0335096,19.6170245
Searcy County AR,-92.7098744,35.9018987
Stratford TX,-73.1331651,41.1845415
McKinney TX,-96.6154471,33.1976496
Millston WI,-90.6476354,44.1930179
Kingsbury TX,-97.8280576,29.6480061
New Brunswick NJ,-74.4518173,40.4862174
Woodstock GA,-84.5192192,34.1014112
Wagoner OK,-95.3694116,35.9595442
Fairfield CA,-122.0399663,38.2493581
Racine WI,-87.7825242,42.7260523
Bullhead City AZ,-114.5682983,35.1477774
Sioux Falls SD,-96.700327,43.5499749
Eden GA,-8.8700746,42.538282
Lincoln CA,-121.29318,38.8915741
Monteagle TN,-85.8396979,35.2400807
Washington PA,-80.2461714,40.17396
Opp AL,-86.2555067,31.2826685
New Britain CT,-89.885905,38.620656
Dadeville AL,-85.7635692,32.831238
Palo Alto CA,-122.1634472,37.442156
Pleasant View CO,-105.1716538,39.734154
Mt. Airy NC,-80.6071609,36.4993297
Boswell OK,-95.8691422,34.0273209
Butte MT,-112.5365089,46.0131505
Montrose County CO,-108.2403855,38.4375391
Locust Grove GA,-84.109083,33.3459495
Canaan NH,-72.013321,43.647007
Lewistown PA,-77.571382,40.5992395
Independence VA,-81.150923,36.6223478
Balch Springs TX,-96.6227714,32.7287413
Union Grove NC,-76.6091017,35.6651645
Orange City FL,-81.2986741,28.9488761
Claremont NH,-72.347031,43.377105
Wilmington CA,-118.2625711,33.780018
Santa Cruz CA,-122.0297182,36.974201
Tukwila WA,-122.2559156,47.4627356
Clearwater FL,-82.8001026,27.9658533
Timberlake NC,-78.9794735,34.9737749
Lemon Grove CA,-117.0314172,32.7425516
Inkster MI,-83.3099303,42.2942045
Gonzales County TX,-97.5108636,29.4436555
Lampe MO,-93.437964,36.5636755
Pinetop-Lakeside AZ,-109.9603843,34.1425438
Grand Forks ND,-97.0592028,47.9078244
Jefferson County ID,-112.3498022,43.8010248
Ronda NC,-80.9411859,36.218467
Canton OH,-81.3784445,40.7989522
Loxahatchee FL,-80.1222013,26.9433863
Webster TX,-95.1182645,29.5377315
Beverly OH,-81.6393772,39.5480179
Ozark MO,-81.0817706,39.8267392
Lizella GA,-83.8199072,32.8070842
Fairfield CT,-76.538663,37.107331
Englewood CO,-104.9879641,39.6482059
Wise County VA,-82.6103804,37.0170633
Englewood FL,-82.3525952,26.9620053
Spring Hill FL,-82.4503732,28.5558273
Belgrade ME,-69.833221,44.447507
Rancho Santa Margarita CA,-117.6029341,33.6408845
Crowley LA,-122.1479314,37.7673049
Smyrna ME,-68.1641921,46.1294957
Putnam Hall FL,-81.9592635,29.7366333
Parowan UT,-112.8279996,37.8421975
Fairfax VA,-77.3063733,38.8462236
Houston AK,-149.8180556,61.6302778
Concord CA,-122.0335624,37.9768525
Antigo WI,-89.152335,45.140245
Covina CA,-117.854865,34.1024
Mt Airy MD,-77.154704,39.3762145
Tarpon Springs FL,-82.77740867,28.1477885
Fort Madison IA,-91.3151908,40.6299403
Vincennes IN,-87.5286325,38.6772691
Beaverton MI,-84.484732,43.882247
Montcalm WV,-81.2525994,37.3540054
Laguna Pueblo NM,-106.0878204,36.3077295
Bismarck ND,-100.783739,46.808327
Spanish Springs NV,-119.6741101,39.647037
Walls MS,-90.1517605,34.9578728
Pikesville MD,-76.7227288,39.3745035
Lansing IL,-87.5381569,41.5662245
Crystal Springs FL,-82.14904207,28.185916
Seneca SC,-82.9527288,34.6865321
Castaic CA,-118.6228656,34.4888822
Highland CA,-117.2086513,34.1283442
Marysville CA,-121.5913516,39.1457247
Riverbank CA,-120.9354895,37.7360396
Lexington County SC,-81.275054,33.8986841
Hamilton AL,-86.881171,33.539037
Trosper KY,-83.8190885,36.7884194
LaGrange GA,-85.0313269,33.039291
Rising Sun MD,-76.0627266,39.6978871
Cade LA,-95.9899824,34.0987074
Colbert OK,-96.5024917,33.8531568
Eureka CA,-124.1636729,40.8020712
Clayton GA,-84.3591713,33.5204959
Orcutt CA,-120.4366904,34.8650717
Palermo CA,-121.5354433,39.435342
Okemah OK,-96.3050064,35.4325854
Byars OK,-97.0500217,34.8742466
Los Banos CA,-120.8505342,37.0592253
Chatsworth CA,-118.6023247,34.2595715
Montezuma Creek UT,-109.2313289,37.4820511
Muskogee OK,-95.3696909,35.7478769
University City CA,-117.2194514,32.8826155
Covington LA,-86.4597236,31.196549
West Covina CA,-117.9389526,34.0686208
Manatee FL,-82.3801566,27.5213933
Caon City CO,-105.2224947,38.4423644
King George VA,-77.175356,38.2786312
Parker AZ,-111.9840386,33.8361489
Downey CA,-118.1325688,33.9400143
Spanaway WA,-122.4243422,47.0979462
Arlington GA,-84.7249188,31.4398976
Girard OH,-80.701466,41.153947
Eastaboga AL,-86.0213587,33.6059367
Windsor CA,-64.1363749,44.9905115
River Forest IL,-87.8139483,41.8978091
Cedartown GA,-85.2559398,34.0124425
Logan County OK,-97.4621935,35.8879493
Prague OK,-96.6850174,35.4867369
La Mirada CA,-118.0107092,33.9060971
Lake Mary FL,-81.33888382,28.756618
Edgewood NM,-106.1914141,35.0614358
Mackinaw IL,-89.3575733,40.5368469
West Burlington IA,-91.1702526,40.8203005
Rockwall TX,-96.4597089,32.9312336
Woodville GA,-81.1453901,32.0918727
Avenal CA,-120.1290272,36.0041223
Danville IL,-87.6304614,40.125222
Boiling Springs SC,-81.9817727,35.0465081
McPherson KS,-97.6575171,38.3659015
Coos Bay OR,-124.2178903,43.3665007
North St. Louis MO,-90.2175025,38.7047788
Bisbee AZ,-109.9284025,31.4481481
Republic MO,-93.4807001,37.1202149
Augusta WV,-78.6377912,39.2953787
Ashtabula OH,-80.789809,41.865054
Norwalk CA,-118.0849169,33.9092802
Weymouth MA,-70.9391625,42.2212188
Knox IN,-87.3811461,38.687009
Bel Air MD,-76.3490396,39.5355063
West Goshen CA,-119.4201204,36.3510616
Wilmore KY,-84.6601993,37.8640406
Rudioso NM,-105.6730991,33.3315804
Encinitas CA,-117.2919818,33.0369867
Markham IL,-87.6947699,41.5936453
Rocklin CA,-121.2357828,38.7907339
Blackfoot ID,-112.348357,43.190039
Goodyear AZ,54.5044072,24.3734457
Archdale NC,-79.9719831,35.914581
Lake View SC,-80.8997995,34.6487556
Addison TX,-96.83025952,32.9604305
Old Forge PA,-75.7349144,41.3711906
Stewartstown PA,-76.5913571,39.7537146
Cedar Lake TX,-88.2925957,43.3538901
Lancaster City PA,-76.3056686,40.03813
Marksville LA,-92.0662356,31.1279652
Golden Valley AZ,-114.2175543,35.2216745
Gladewater TX,-94.9427169,32.5365333
Richland WA,-119.2769067,46.2778406
Maiden NC,-81.2139216,35.5766048
Odessa MO,-93.9539663,38.9995797
Watsonsville CA,-121.7529071,36.9092773
Marina CA,-121.2968701,37.9528118
Oil Springs KY,-82.942388,37.8100924
Lancaster KY,-84.5779957,37.6195246
Ebey Island WA,-122.1618,47.9695409
Papaaloa HI,-155.222768,19.973744
Simpsonsville KY,-85.3552349,38.22257
Crawford County OH,-82.9065596,40.8705909
Roland OK,-94.5146616,35.4212021
Strasburg CO,-104.3492602,39.7320327
White Plains KY,-87.3836095,37.183655
Moultrie GA,-83.7878809,31.1811523
Fountain CO,-87.2497418,40.125252
Rotterdam NY,-74.02799815,42.825938
Kyle SD,-102.176546,43.424994
Gadsden AL,-86.783621,33.565356
Fort Washington MD,-77.0124598,38.7125305
Ashville AL,-86.2549799,33.8369216
Pittsfield MA,-73.2453785,42.4500967
Smyrna GA,-83.4048862,33.5981814
West Palm Beach FL,-80.0533746,26.7153425
Venice CA,-82.4544132,27.0998708
Mountain View CO,-105.0555389,39.7744311
Fox Crossing WI,-88.4700616,44.2234752
Winston-Salem NC,-80.2440518,36.0998131
Selma AL,-87.0207473,32.4078632
Corning CA,-122.1791556,39.9276572
Cato Township MI,-82.5931583,40.7613221
Baxter KY,-83.3307371,36.8598108
Siskiyou County CA,-122.5443541,41.5007223
Cheektowaga NY,-78.7547536,42.9033917
Battle Creek MI,-85.1824269,42.3192548
Bogalusa LA,-89.8486858,30.7910204
Mansfield OH,-82.5154471,40.75839
Valley Head WV,-80.0359015,38.545113
Mandeville LA,-90.0657477,30.3582305
Madison ME,-69.8797794,44.7975598
Wood Lake ND,-98.84220527,47.9011949
Grand Prarie TX,-97.0284662,32.657368
Sedalia MO,-93.2282613,38.7044609
South Greensburg PA,-79.5447619,40.2784029
Fairborn OH,-84.01023328,39.8067455
Granite Falls NC,-121.96947,48.0817561
Colby KS,-101.052377,39.395837
Bellingham WA,-122.4788602,48.754402
Panhandle TX,-101.3804082,35.3454847
Friendswood TX,-95.2010447,29.5293998
Vineland NJ,-75.00202655,39.473152
Savannah GA,-81.0998342,32.0835407
West Knox TN,-69.5793117,44.7672615
Chester SC,-75.7652424,39.9829308
Sumter SC,-80.3414693,33.9204354
Algoma Township MI,-88.3233462,48.0643068
Mount Vernon NY,-73.8370786,40.9125992
Mabank TX,-96.1008056,32.3665322
Clarendon NY,-73.98024602,40.7896058
Rowe NM,-105.6752935,35.4917053
Falls Church VA,-77.1710914,38.882334
Little Egg Harbor Township NJ,-74.35183816,39.635931
Hensley WV,-81.6998327,37.4740011
Hialeah FL,-80.2781057,25.8575963
Lauderdale Lakes FL,-80.2085565,26.1667184
Mascotte FL,-81.8867452,28.5783313
Muckleshoot Indian Reservation WA,-122.149562,47.2766758
Falcon Heights MN,-93.1762507,44.9898128
Montpelier OH,-84.6055076,41.5844951
Moncks Corner SC,-80.0131374,33.1960027
Jean NV,-115.324314,35.7790078
Frederickstown WA,-79.9981076,40.0025737
Mamou LA,-92.4192993,30.6338092
Alexandria VA,-116.2673237,33.7237617
Jackson MO,-10.70822,6.46557
South Salt Lake UT,-111.8880295,40.7075209
Leland NC,-78.0447143,34.2562806
Jonesboro AR,-79.0051714,37.7702298
Aitkin MN,-93.3847595,46.5714822
Columbua IN,-85.9213796,39.2014405
Hampton GA,-74.6784907,39.8042836
Suffolk VA,-76.61124684,36.74612465
Vandalia OH,-84.1988308,39.8906122
Capitol Heights MD,-76.9159441,38.8853963
Leeds AL,-118.0979649,34.1539025
Highgrove CA,-117.3237433,34.01293755
Tarboro NC,-77.5358049,35.8968236
Peterborough NH,-71.9515459,42.8705821
Celina OH,-84.5702338,40.5489358
Clinton IL,-89.420064,38.5896187
Nikolaevsk AK,-151.5910631,59.831683
Lawrenceburg KY,-84.8966171,38.0372967
Eaton County MI,-84.8443666,42.5935964
Monterey CA,-121.8946388,36.600256
Plaquemine LA,-91.2342744,30.2890833
Poway CA,-117.0358646,32.9628234
Tyrone GA,-82.8612563,33.6723506
Killeen TX,-97.727796,31.1171441
Keizer OR,-123.0197173,44.9958075
Hutchins TX,-96.7130521,32.6493
Aiea HI,-157.9238903,21.385987
North Hills CA,-73.6765187,40.7809343
Rawlins WY,-116.989922,32.85223
Pensacola FL,-87.2169149,30.421309
Clinton TN,-84.1318632,36.1034126
Green Bay WI,-88.0125794,44.5126379
Orrington ME,-68.8264258,44.7311829
Pittsburg CA,-121.8901232,38.0181745
New Hope MN,-93.3866185,45.0380201
Antioch IL,-88.0956396,42.4772418
Peterson MN,-111.9434096,33.3783859
Shelbyville TX,-94.0785278,31.7615626
Volant PA,-80.2589518,41.1136707
Syracuse UT,-112.0638903,41.0895938
Sharon PA,-80.4934035,41.2331116
West Monroe LA,-92.1476353,32.5184775
Arlington TN,-77.0841585,38.8903961
Morehead KY,-83.4326841,38.1839705
Bowling Green KY,-86.4436018,36.9903199
Fruitland Park FL,-81.9064705,28.8613765
Pembine WI,-87.990953,45.635239
Ohatchee AL,-86.0024703,33.7834324
La Marque TX,-94.9713134,29.3685674
Hometown WV,-75.9802046,40.8236994
Aguanga CA,-116.8650235,33.4428094
Youngtown AZ,-112.3033265,33.5937302
Huntingdon County PA,-78.0281185,40.3446332
Columbia TN,-76.4191791,41.0389186
English IN,-86.4641498,38.3345045
Indiantown FL,-80.4820908,27.0273407
Greenfield WI,-88.0125865,42.9614039
Mannington WV,-80.343418,39.5309169
Lynwood CA,-118.2114933,33.9303225
Plymouth Township MI,-83.51447792,42.372648
Shafter CA,-119.2853652,35.4698255
Westerville OH,-82.9290696,40.1261743
Big Lake AK,-149.9544444,61.5213889
Santa Rosa CA,-122.7144314,38.4404675
Deptford NJ,-75.1235892,39.8271755
Simpsonville SC,-82.2542834,34.7370639
Marine City MI,-82.492218,42.719777
Gerrardstown WV,-78.0955563,39.3703778
Portland ME,-70.2548596,43.6610277
Callahan FL,-81.8306621,30.5621807
Troy MI,-83.1499304,42.6055893
Brighton CO,-104.8205283,39.9852617
Fall River MA,-71.1546367,41.7010642
Carson CA,-118.2517547,33.8322043
Happy Valley CA,-120.5632596,38.6818492
Golden Shores AZ,-114.474145,34.786267
Selma CA,-119.6120765,36.5707838
Wamego KS,-96.304998,39.201941
Edgewater FL,-80.98353373,28.953465
Wilkinsburg PA,-79.8819942,40.4417355
Sunset TX,-99.7131438,33.4475958
Green OH,-81.4670631,40.9468077
Puyallup WA,-122.2921406,47.1849009
Hardwick NJ,-74.9321157,41.054541
South Los Angeles CA,-118.2781288,33.9275152
Gainesville GA,-83.8240663,34.2978794
Martins Ferry OH,-80.724526,40.0959055
Soddy-Daisy TN,-85.1907904,35.2359025
Kearny AZ,-110.9106656,33.0570085
Salemburg NC,-78.5030622,35.0154469
